G_{i}, ft, Z*, M, Z
1, 1, 1.666667, 2, 3
2, 2, 2.666667, 3, 4
3, 2, 2.666667, 3, 4
4, 2, 2.666667, 3, 4
5, 2, 2.666667, 3, 4
6, 2, 2.666667, 3, 4
7, 2, 2.666667, 3, 4
